S,0f,7{,4f53,39c,S,adO,6,80d,3,0{,04,F,6,c3,5835,b,16b{,c,9S,39,3,},7b{a,c191
1929,7S,6,d69,71,1,d,dO,{b,651,0ac,1e3,L,f,e,9959,d,a,a,b{9,{9e8,9,9,01,a81
01b,6,8,}eab,7dc,05,c7a,20,7e,538,},5,A,dOO6,a,}74,S,f8,{0d,S7e,{,5f0e,1S{,Sd,a{f
4}},c,b,6Sa,3{O,0{,6,f5,360,0619,37,f,G,bd9,e,O7,a46,c37,78,ccc1,{f,{23c,531a,5a,7
d,376,57b0,d,881,922,Oe,c,0cf{,7,abb3,{0,N,}4{,7{3,0S,574,fa}6,7{a9,3S6,bS44,Sfa,d61,1,8d
}95f,d,0cOf,09a,d500,Sc0},2{{,S,90,57O,6,8,Y,5,6,{ca9,}6,35,736,5,}S92,1,c1{,5,f
c03,61,{{4,eSca,5e,S02,3{f,8ac,79d,65,1,244,A,8,2d8,}S89,2{{,d3,c7,2{{,ac,Sdd,0{b,4,e}
{,c2{,O426,7,81,20}9,{8c,5,f,124,8O4e,8,,00b6,55,11e1,b,b,f,9S,}7,5,{1c,0,c38}
30e,2f4,eb,S68,3Sc,{c44,1,9,O,8ff,6,be3f,N,},448,b{},b,},{f,1{9,OfS,a,7a,c8a,d6}b
9b9,{,9c9,b89,}5,S23,},3d2c,bSfc,SfO3,fS6d,e2,I,33,1a5,3,115,8e},6f},443e,2{7b,6a5,ad66,d,S034
1,}d{,fO,e,b4,8f09,0d1,cc1d,2a9,e,a2,f,H,62S{,8,Occ{,0e,cd,SS00,dS64,3O,e3,eSS,d1,f
c4,6d,6ea,21,5,4fc0,12S2,0a29,e,da1,3684,a,C,{3,O26e,0,c}0,86}8,}S,}S5,3335,2,33,aS},050e
3f,63aS,}4e,2c,O90,42,4cSf,O65,d,bf9,04,cf,O,c23,f9,19O8,S0,873{,c6,da,{O,Se,2}Sd,3,9
b25,a,}f8},fc,S36,f21d,a63,c9,{5b,37e,a5,53f,Y,d4,a543,f,8b6,0,b}0a,eba,O,ffd,}5,SS2,1dS
ce,8,O3e,bc4S,5,0a,c,df,{4,1d3,aS9,e5e3,:,417,4,8S6,Oc19,S,O{a,08,a3,b},5{,747,3b
9,8O,48d,}9,{fd6,7S{},f,1,O2f,d4,faff,3c5,{,3569,668b,750,7a2{,b853,c,O,SfO,5S7,df,a0,}O
0Od9,6,83,b8Od,{1},e1,3764,7}0,{aS,d67,e,{O,1,S39,e{,89,45,{9,5,S520,fOO,236,6db3,c0d},2
73}6,d5f1,4,f},b8a,259c,9cO,9e,ca,OO,7a68,0,d,9,O6,06},ca{,30,4d,1,O6{0,O{,844O,00e7,O
O,3,}c,a5{7,98,8e,O,978,b,4d6a,7,Oeb4,7,8},O,e743,11d3,S}a0,ee2,62,bdf4,7b{,3e,9c98,b
f,37,S,24d,d}},{4,f,81,e07,{S,00f,3Oc,9,3,dc0,},a24,f,a},9cO5,8e,4f{,3,00,9b6
d,f,6,2dS,eed},{1,c,5{,725a,97S5,1{,O}OS,c,ba36,}d09,f86d,6,}8cf,8,a7,058,88O2,83},0ff,ae8}
8{,7Sd1,b,b{d,f1a,3f,ad6O,4d0,1,f,S37,58,3,O,O,34bS,{3e7,2,8af,7,{9,770,b,55,1
c68,O33,S,8Ob},d,O90d,8bOc,2a37,8,5},4,aSf9,8,9,d,O},9,8f16,33O5,5,f,S5a0,7b,a,6
c3de,00,Sb83,8d86,c2,baS,7573,O9,OO,86{,b,336{,8,5,{5,e,6{,a,9f{c,c,2{ad,f,{}S8,S,5
5bS0,a,5997,cb4,9182,88,02,},af3,1a},3d,c,4,2,51,e,487,dO,5S,52},f710,65,1O,9c0,73}
f9aa,c64a,7,eb}a,65O,f4,cO,SOO6,0,4c,O{7,3O,0,e9,eS,f05e,4793,O2df,6,4c,ed98,b273,{S,S60,OS7{
fc5S,272{,Sf1,fe,1}2,d360,dfc,{7,089,6,O762,S0},b,6e3,b9,b,e3,dS9b,{e,d,fd,e016,{,5e,8
be4b,{aa,3bdc,61d,{0a,f1,3f,2,f,4S6S,Sf0,c}b,f,09,03,{,bS,44{,cffS,0d,64,{,3,9,54b
2,10,e,e8S,OSS5,6,1b,4O12,1ebS,1b2,4,0742,c,2c3,{5,e0,a9,8O,a0c,ade,ee,0,921{,1}4,S
4e,b,86a,8c56,},0103,3f82,5O,5,}{e,14,3{,2,0,05a,O86,feeS,86,483{,90,1c,3Sd4,f,d,9
e,49,{,}6},8,5,c,200,e,2}},bd,5},1,09,0b8O,5{,3}a,8,94a,O6,e,7,f1,c}S,51
6c4f,0,S07,S1,c12S,b1,6S,42,1b,96{,c3f2,{6d,7,fO4,eS04,f5{e,3,{OSe,1e5b,8,4,}bc,ff,01,e3
b986,d0{9,S2f,0b0,S,}7f,e,73,0d,ff,973,c}23,1,{cd,e,8O82,c3O,29},24Oa,13},}{,O{}e,{,3a,8{2
7O0,2cf,7}7c,f7de,f2,30,3S{,9a},S,d5{,af,c5,8,},2c1O,63c,O3a,4e4,b82,O,f,5e,47c{,412,7f}
f,4e,{58e,d3,b,S}S},4,b,5f5f,dcd,6,ae,9,0fe,S8aS,c,S,92,87}2,9aS7,Sa19,c6aa,1,7d0{,87
220,e5,d89,9}4,0f,b,O,4,9dc,6d,3c9,3,6,11,98d,4O{,}9O0,c}e,6},fa9d,ed,620O,820{,8O{,8e4
7,c,e2e3,{9,bfc,cd09,1O,d,33,2{,fb,bSde,b,76,348,4,8da3,O}e1,0,1,cd,{5c,fb70,b,cc4
d,5,23,c,7b56,762,46f,d,6c2,86,fcff,4{,2,70{3,e,af,dO53,4cb7,c,1dS3,{5a,9,e,}f},323
f,},576,}a24,55,29,1,ad0,9,SSa2,9,b,9,9f70,4,03,6,f}2,387,6b8,0362,8,26}d,{,e2
789,f7b,b,0,S,71e,4{d,2a9,44,b,cf4S,f}45,b,f{af,Od,4,0,5d83,53{,{12,d47,4Sd4,8{,S,6
ae,6}28,e4,7a,f,4f0,d2S,bd67,62b5,3,O85,},1,},fO,f39,4e,c3,04d,57{,392,6f,2,fd9e,2}a
dc,11,0d}O,f030,4de,e516,58,f3,S,96d3,eda6,8,9,83c,d7e,a5},2b,56eS,2{e,}7{3,943,aS,a8f,},{
1d,04,1b37,5S,2O1,1,9{3,5b6,a6c,}O,03,31,5,9O2a,c4,0d,e57,66b9,1141,fc,a,5fc,O,9,S1
323d,2O8,{60f,d8,9b9,dc,8O,e,4,3,5O00,0d,a,e{{,ab5,f{,1O}0,ef11,}be5,}5,43d,1,38,9,7{cb
0,4f,{,db9,7{b,7baO,1{c,a002,4,a,6ed3,ade,1,8a3,6b,64}O,b611,1,cd5,696,e{,}f5,Sb,O2,97
142,9c,Oe6,c,cd,a4c,a,},4,8S,55e3,}b,e,8dO1,5,O473,}c,05,OfO,36,243,{a18,6S8,9,S
f7SO,3,4407,4Sc,d,32S4,89},5a8,7b1,c},8,6Sd4,f,e8a6,3,aS},3},0aac,2},7c2,b,cdc,fdf,41,3
6d7,04,S60,14Sd,c,e,3042,d52{,5,{f13,2684,2,9,bc61,dc,5,f,a,07,63,Sde,55aS,e0,58,770
aa3,{0,9,d91d,0{e0,91ca,8Sad,7,},ac0,dfa},de7a,},6OSb,4d6f,3}ea,}0b,fd5O,7a,b,3{7,f0,e20,8bb,5}
fc},9,13fb,{,S46,5e45,8350,0e{b,1,237,81e9,c,4{,b4d,8S20,d}9,6f,}aSS,S,S,f33,cOe,aS{,4dd6,9
283,S6Ob,8cS,S8},Oa{,4,583,9O84,6b6a,2,8{O,{S,18S,18S,b0{2,4cOS,41,{c,OfO},c,O,ed{,aOO{,4}f,1e}
7,d4,1,}96,9O,fS2,b50,65,},2,b,{42e,b0{2,4{,86,fac7,2,}e,{,{,O5,ba,4}95,2,48a
